use test_empl

INSERT INTO test_empl.dbo.departments VALUES (10, 'MANAGEMENT', 'LONDON');
INSERT INTO test_empl.dbo.departments VALUES (20, 'PRODUCTION', 'HONG KONG');
INSERT INTO test_empl.dbo.departments  VALUES (30, 'SUPPLIES', 'AMSTERDAM');
INSERT INTO test_empl.dbo.departments VALUES (40, 'MARKETING', 'PARIS');
INSERT INTO test_empl.dbo.departments VALUES (50, 'REAEARCH', 'JAMAICA');
INSERT INTO test_empl.dbo.departments VALUES (60, 'ACCOUNTANCY','VIENNA');
INSERT INTO test_empl.dbo.departments VALUES (70, 'SALE', 'LONDON');
INSERT INTO test_empl.dbo.departments VALUES (80, 'WAREHOUSE', 'LEEDS');
GO

INSERT INTO test_empl.dbo.jobs VALUES ('PRESIDENT',6700,9000);
INSERT INTO test_empl.dbo.jobs  VALUES ('BOARD MEMBER',4000,6000);
INSERT INTO test_empl.dbo.jobs  VALUES ('MAIN IT SPECIALIST',3000,5000);
INSERT INTO test_empl.dbo.jobs  VALUES ('DIRECTOR',4000,6000);
INSERT INTO test_empl.dbo.jobs  VALUES ('TECHNOLOGIST',1500,2500);
INSERT INTO test_empl.dbo.jobs  VALUES ('OPERATOR',1200,2000);
INSERT INTO test_empl.dbo.jobs  VALUES ('LAB ASSISTANT', 1150, 1500);
INSERT INTO test_empl.dbo.jobs  VALUES ('IT SPECIALIST', 1500, 3000);
INSERT INTO test_empl.dbo.jobs  VALUES ('LOGISTICIAN', 1200, 2000);
INSERT INTO test_empl.dbo.jobs  VALUES ('MANAGER', 2000, 3000);
INSERT INTO test_empl.dbo.jobs  VALUES ('GRAPHIC DESIGNER', 1200, 2200);
INSERT INTO test_empl.dbo.jobs  VALUES ('CHIEF ACCOUNTANT', 2500,3500);
INSERT INTO test_empl.dbo.jobs VALUES ('ACCOUNTANT', 2000, 3000);
INSERT INTO test_empl.dbo.jobs  VALUES ('CLERK', 1200, 1500);
INSERT INTO test_empl.dbo.jobs  VALUES ('SELLER', 1200, 1500);
INSERT INTO test_empl.dbo.jobs  VALUES ('GROUP MANAGER', 2500, 3500);
INSERT INTO test_empl.dbo.jobs  VALUES ('CANVASSER', 1150, 1500);
INSERT INTO test_empl.dbo.jobs  VALUES ('APPRENTICE', 1150, 1300);
GO
select * from jobs
INSERT INTO test_empl.dbo.employees VALUES (8901, 'KING', 'PRESIDENT', NULL, '1989/07/01', NULL, 7000, 4000, NULL, 10);
INSERT INTO test_empl.dbo.employees VALUES (8902, 'MICHUM', 'DIRECTOR', 8901, '1989/08/15', NULL, 5000, 1500, NULL,	40);
INSERT INTO test_empl.dbo.employees VALUES (9121, 'KEEGAN', 'DIRECTOR', 8901, '1991/04/02', NULL,	5000, 1500, NULL, 30);
INSERT INTO test_empl.dbo.employees VALUES (9011, 'WILSON', 'IT SPECIALIST', 8902, '1990/03/20', NULL, 2000, NULL, NULL, 40);
INSERT INTO test_empl.dbo.employees VALUES (9235, 'FORLAN', 'DIRECTOR', 8901, '1994/09/16', NULL,  5000, 1500, NULL, 70);
INSERT INTO test_empl.dbo.employees VALUES (8904, 'STILES', 'MAIN IT SPECIALIST', 8901, '1989/08/18', NULL, 3500, 2500, NULL, 10);
INSERT INTO test_empl.dbo.employees VALUES (8910, 'MILLS', 'DIRECTOR', 8901, '1989/09/01', NULL, 5000, 1500, NULL, 20);
INSERT INTO test_empl.dbo.employees VALUES (8911, 'WOODCOCK', 'OPERATOR', 8910, '1989/11/10', NULL, 1500, NULL, NULL, 20);
INSERT INTO test_empl.dbo.employees VALUES (9411, 'LORIMER', 'LAB ASSISTANT', 8910, '1994/09/10', NULL, 1300, NULL, NULL, 20);
INSERT INTO test_empl.dbo.employees VALUES (8932, 'BREMMER', 'CHIEF ACCOUNTANT', 8901, '1989/12/06', NULL, 3000, 2000, NULL, 60);
INSERT INTO test_empl.dbo.employees VALUES (8913, 'BROWN', 'BOARD MEMBER', 8901, '1989/11/15', NULL, 5000, 2000, NULL, 10);
INSERT INTO test_empl.dbo.employees VALUES (9010, 'WILIAMS', 'GRAPHIC DESIGNER',	 8902, '1990/02/12', NULL, 1800, NULL, NULL, 40);
INSERT INTO test_empl.dbo.employees VALUES (9025, 'MANADARINO', 'LOGISTICIAN', 9121, '1990/06/01', NULL, 1500, NULL, NULL, 30);
INSERT INTO test_empl.dbo.employees VALUES (9332, 'PETERS', 'DIRECTOR', 8901, '1997/07/15', NULL, 5000, 1500, NULL, 50);
INSERT INTO test_empl.dbo.employees VALUES (9027, 'GERARD', 'LOGISTICIAN', 9121, '1990/06/20', NULL, 1500, NULL, NULL, 30);
INSERT INTO test_empl.dbo.employees VALUES (9028, 'LACOMBE', 'SELLER', 9235, '1990/08/10', NULL, 1200, NULL, 6000, 70);
INSERT INTO test_empl.dbo.employees VALUES (9102, 'KLINSMAN', 'CANVASSER',	 9235, '1991/01/10', NULL, 1200, NULL, 12000, 70);
INSERT INTO test_empl.dbo.employees VALUES (9122, 'WOLFERMAN', 'ACCOUNTANT', 8932, '1991/05/10', NULL, 2200, NULL, NULL, 60);
INSERT INTO test_empl.dbo.employees VALUES (9130, 'POWELL', 'MANAGER', 8902, '1991/06/01', NULL, 2200, NULL, NULL, 40);
INSERT INTO test_empl.dbo.employees VALUES (8920, 'WILANDER', 'TECHNOLOGIST', 8910, '1989/12/01', NULL, 1800, NULL, NULL, 20);
INSERT INTO test_empl.dbo.employees VALUES (9337, 'MILLER', 'IT SPECIALIST', 8932, '1993/07/12', NULL, 2000, NULL, NULL, 60);
INSERT INTO test_empl.dbo.employees VALUES (9345, 'SEAMAN', 'OPERATOR', 8910, '1993/10/05', NULL, 1500, NULL, NULL, 20);
INSERT INTO test_empl.dbo.employees VALUES (9403, 'BANKS', 'CLERK', 8932, '1994/03/01', NULL, 1400, NULL, NULL, 60);
INSERT INTO test_empl.dbo.employees VALUES (9120, 'FISHMAN', 'TECHNOLOGIST', 8910, '1991/01/20', NULL, 1800, NULL, NULL, 20);
INSERT INTO test_empl.dbo.employees VALUES (9641, 'MOTLEY', 'GROUP MANAGER', 9235, '1996/12/05', NULL, 3000, 500, 10000, 70);
INSERT INTO test_empl.dbo.employees VALUES (9731, 'NEAL', 'LAB ASSISTANT', 9332, '1997/04/01', NULL, 1300, NULL, NULL, 50);
INSERT INTO test_empl.dbo.employees VALUES (9780, 'SELES', 'APPRENTICE', 9332, '2006/04/01', NULL, 1150, NULL, NULL, NULL);
GO
INSERT INTO test_empl.dbo.empl_archiw VALUES (9641, 'MOSER', 'SELLR', 9235, '1992/12/05', '1995/10/30', 1800, NULL, 5000, 70);
INSERT INTO test_empl.dbo.empl_archiw VALUES (9332, 'PLATINI', 'LAB ASSISTANT', 8910, '1993/03/15', '1994/12/01', 1200, NULL, NULL, 20);
INSERT INTO test_empl.dbo.empl_archiw VALUES (8912, 'SPRAKE', 'OPERATOR', 8910, '1989/11/15', '1995/06/30', 1300, NULL, NULL, 20);
INSERT INTO test_empl.dbo.empl_archiw VALUES (9350, 'KERKHOF', 'CLERK', 8932, '1994/01/10', '1998/03/31', 1100, NULL, NULL, 60);
INSERT INTO test_empl.dbo.empl_archiw VALUES (9440, 'BESSON', 'ACCOUNTANT', 8932, '1994/10/10', '1999/09/30', 1600, NULL, NULL, 60);
INSERT INTO test_empl.dbo.empl_archiw VALUES (9153, 'MAZEL',	 'MANAGER', 8901, '1992/04/10', '1997/06/30', 3200, 1500, NULL, 50);
GO
SELECT * FROM test_empl.dbo.employees;
SELECT * FROM test_empl.dbo.empl_archiw;
SELECT * FROM test_empl.dbo.jobs;
SELECT * FROM test_empl.dbo.departments;
GO